Image,target
508.jpg,manipuri
246.jpg,manipuri
473.jpg,manipuri
485.jpg,manipuri
128.jpg,odissi
410.jpg,bharatanatyam
465.jpg,kuchipudi
196.jpg,kathakali
340.jpg,sattriya
467.jpg,manipuri
306.jpg,sattriya
171.jpg,kathak
323.jpg,odissi
332.jpg,bharatanatyam
330.jpg,mohiniyattam
170.jpg,sattriya
479.jpg,kathak
9.jpg,bharatanatyam
283.jpg,odissi
114.jpg,odissi
507.jpg,kathak
183.jpg,bharatanatyam
200.jpg,odissi
457.jpg,bharatanatyam
264.jpg,bharatanatyam
194.jpg,kathakali
518.jpg,kathakali
175.jpg,bharatanatyam
64.jpg,kathakali
152.jpg,kuchipudi
270.jpg,kuchipudi
125.jpg,manipuri
38.jpg,odissi
440.jpg,kathakali
302.jpg,kathakali
394.jpg,manipuri
448.jpg,manipuri
463.jpg,sattriya
20.jpg,kathakali
301.jpg,kathakali
28.jpg,kathakali
61.jpg,kathakali
398.jpg,kathak
349.jpg,kathakali
271.jpg,odissi
286.jpg,odissi
431.jpg,mohiniyattam
316.jpg,mohiniyattam
224.jpg,mohiniyattam
411.jpg,bharatanatyam
278.jpg,sattriya
456.jpg,mohiniyattam
45.jpg,mohiniyattam
324.jpg,mohiniyattam
6.jpg,kathak
59.jpg,sattriya
86.jpg,mohiniyattam
470.jpg,bharatanatyam
374.jpg,mohiniyattam
132.jpg,mohiniyattam
216.jpg,sattriya
95.jpg,mohiniyattam
17.jpg,sattriya
162.jpg,mohiniyattam
346.jpg,mohiniyattam
439.jpg,kathakali
232.jpg,mohiniyattam
150.jpg,kathak
401.jpg,odissi
145.jpg,sattriya
23.jpg,kuchipudi
514.jpg,kathak
193.jpg,sattriya
416.jpg,sattriya
447.jpg,bharatanatyam
220.jpg,kuchipudi
505.jpg,odissi
147.jpg,mohiniyattam
210.jpg,kathak
40.jpg,sattriya
284.jpg,sattriya
55.jpg,sattriya
378.jpg,bharatanatyam
520.jpg,mohiniyattam
484.jpg,kathak
112.jpg,sattriya
360.jpg,bharatanatyam
317.jpg,odissi
71.jpg,manipuri
202.jpg,kuchipudi
92.jpg,kuchipudi
11.jpg,odissi
67.jpg,kuchipudi
138.jpg,odissi
506.jpg,manipuri
146.jpg,odissi
318.jpg,odissi
198.jpg,odissi
375.jpg,kuchipudi
41.jpg,kuchipudi
421.jpg,kuchipudi
129.jpg,mohiniyattam
14.jpg,odissi
460.jpg,bharatanatyam
34.jpg,mohiniyattam
380.jpg,mohiniyattam
238.jpg,sattriya
392.jpg,odissi
80.jpg,odissi
517.jpg,kuchipudi
13.jpg,manipuri
189.jpg,kathak
390.jpg,kathak
487.jpg,odissi
438.jpg,bharatanatyam
482.jpg,bharatanatyam
206.jpg,mohiniyattam
217.jpg,odissi
285.jpg,odissi
385.jpg,odissi
495.jpg,bharatanatyam
269.jpg,manipuri
429.jpg,odissi
291.jpg,bharatanatyam
461.jpg,odissi
256.jpg,mohiniyattam
48.jpg,kuchipudi
290.jpg,odissi
437.jpg,odissi
498.jpg,odissi
173.jpg,odissi
280.jpg,odissi
119.jpg,mohiniyattam
363.jpg,manipuri
97.jpg,odissi
414.jpg,bharatanatyam
386.jpg,kuchipudi
424.jpg,odissi
157.jpg,bharatanatyam
33.jpg,odissi
354.jpg,odissi
57.jpg,odissi
108.jpg,odissi
239.jpg,bharatanatyam
441.jpg,bharatanatyam
215.jpg,mohiniyattam
373.jpg,sattriya
292.jpg,odissi
110.jpg,odissi
510.jpg,manipuri
275.jpg,manipuri
366.jpg,kuchipudi
226.jpg,bharatanatyam
35.jpg,manipuri
458.jpg,sattriya
358.jpg,odissi
